Date,Link
9/27,https://www.instagram.com/p/CUU-JIkNfh5/
9/27,https://www.instagram.com/p/CUWXTiKtq1J/
9/29,https://www.instagram.com/p/CUbI3wcgmr6/
10/1,https://www.instagram.com/p/CUgScr2rRnN/
10/1,https://www.instagram.com/p/CUgqfBUN3D-/
10/2,https://www.instagram.com/p/CUiKsFyM6eQ/
10/2,https://www.instagram.com/p/CUifN79tTfO/
10/2,https://www.instagram.com/p/CUi3OgWsJb1/
10/3,https://www.instagram.com/p/CUkXXINlXaF/
10/3,https://www.instagram.com/p/CUkvf8-Acpd/
10/3,https://www.instagram.com/p/CUlECWOAgZ4/
10/3,https://www.instagram.com/p/CUl0EuBtZSo/
10/4,https://www.instagram.com/p/CUoY3QILZeK/
10/9,https://www.instagram.com/p/CU0g0L9FJnd/
10/9,https://www.instagram.com/p/CU04yeOM-Z5/
10/10,https://www.instagram.com/p/CU2ceZvtHJY/
10/10,https://www.instagram.com/p/CU3FmeJDHcw/
10/10,https://www.instagram.com/p/CU3dsjbso1k/
10/12,https://www.instagram.com/p/CU7mD0gNQJW/
10/14,https://www.instagram.com/p/CVAvqOpMN4M/
10/14,https://www.instagram.com/p/CVBwyWSssGA/
10/15,https://www.instagram.com/p/CVEVkU4LUSo/
10/16,https://www.instagram.com/p/CVGiVEXrFB4/
10/16,https://www.instagram.com/p/CVHSZjjr51y/
10/17,https://www.instagram.com/p/CVIeCMxj1cz/
10/17,https://www.instagram.com/p/CVJHLONJMb7/
10/18,https://www.instagram.com/p/CVMb_gvtK5Z/
10/19,https://www.instagram.com/p/CVPAyioNGpW/
10/20,https://www.instagram.com/p/CVRlldmtjJE/
10/21,https://www.instagram.com/p/CVSBHdPMMrZ/
10/22,https://www.instagram.com/p/CVWXIgIPHEN/
10/22,https://www.instagram.com/p/CVWvKWNtH4M/
10/23,https://www.instagram.com/p/CVX6xaBDAUT/
10/23,https://www.instagram.com/p/CVYPYONvaVl/
10/23,https://www.instagram.com/p/CVYj6Rlggx2/
10/23,https://www.instagram.com/p/CVY76lMLwha/
10/24,https://www.instagram.com/p/CVafll-NbaT/
10/24,https://www.instagram.com/p/CVa0J7yr2cK/
10/24,https://www.instagram.com/p/CVbIth8sIy_/
10/24,https://www.instagram.com/p/CVbg0gfMXvP/
10/24,https://www.instagram.com/p/CVb4wd3toOk/